Cycle,Battery-M,M8020-train,M8020-valid,M8020-predict,M5050-train,M5050-valid,M5050-predict,M2080-train,M2080-valid,M2080-predict
1,35.5876,35.5876,,,35.5876,,,35.5876,,
2,35.6129,35.6129,,,35.6129,,,35.6129,,
3,35.5915,35.5915,,,35.5915,,,35.5915,,
4,35.61,35.61,,,35.61,,,35.61,,
5,35.5604,35.5604,,,35.5604,,,35.5604,,
6,35.5244,35.5244,,,35.5244,,,35.5244,,
7,35.546,35.546,,,35.546,,,35.546,,
8,35.5596,35.5596,,,35.5596,,,35.5596,,
9,35.5625,35.5625,,,35.5625,,,35.5625,,
10,35.5621,35.5621,,,35.5621,,,35.5621,,
11,35.5594,35.5594,,,35.5594,,,35.5594,,
12,35.5377,35.5377,,,35.5377,,,35.5377,,
13,35.5787,35.5787,,,35.5787,,,35.5787,,
14,35.4795,35.4795,,,35.4795,,,35.4795,,
15,35.5383,35.5383,,,35.5383,,,35.5383,,
16,35.5432,35.5432,,,35.5432,,,35.5432,,
17,35.6173,35.6173,,,35.6173,,,35.6173,,
18,35.6476,35.6476,,,35.6476,,,35.6476,,
19,35.6633,35.6633,,,35.6633,,,35.6633,,
20,35.6495,35.6495,,,35.6495,,,35.6495,,
21,35.6429,35.6429,,,35.6429,,,35.6429,,
22,35.6616,35.6616,,,35.6616,,,35.6616,,
23,35.6532,35.6532,,,35.6532,,,35.6532,,
24,35.6943,35.6943,,,35.6943,,,35.6943,,
25,35.7046,35.7046,,,35.7046,,,35.7046,,
26,35.6527,35.6527,,,35.6527,,,35.6527,,
27,35.5804,35.5804,,,35.5804,,,35.5804,,
28,35.5219,35.5219,,,35.5219,,,35.5219,,
29,35.5414,35.5414,,,35.5414,,,35.5414,,
30,35.5909,35.5909,,,35.5909,,,35.5909,,
31,35.6515,35.6515,,,35.6515,,,35.6515,,
32,35.6727,35.6727,,,35.6727,,,35.6727,,
33,35.7101,35.7101,,,35.7101,,,35.7101,,
34,35.7532,35.7532,,,35.7532,,,35.7532,,
35,35.7737,35.7737,,,35.7737,,,35.7737,,
36,35.784,35.784,,,35.784,,,35.784,,
37,35.7757,35.7757,,,35.7757,,,35.7757,,
38,35.7606,35.7606,,,35.7606,,,35.7606,,
39,35.7421,35.7421,,,35.7421,,,35.7421,,
40,35.7137,35.7137,,,35.7137,,,35.7137,,
41,35.6636,35.6636,,,35.6636,,,35.6636,,
42,35.6211,35.6211,,,35.6211,,,35.6211,,
43,35.6855,35.6855,,,35.6855,,,35.6855,,
44,35.6802,35.6802,,,35.6802,,,35.6802,,
45,35.6936,35.6936,,,35.6936,,,35.6936,,
46,35.6816,35.6816,,,35.6816,,,35.6816,,
47,35.6983,35.6983,,,35.6983,,,35.6983,,
48,35.7163,35.7163,,,35.7163,,,35.7163,,
49,35.7712,35.7712,,,35.7712,,,35.7712,,
50,35.8046,35.8046,,,35.8046,,,35.8046,,
51,35.842,35.842,,,35.842,,,35.842,,
52,35.8664,35.8664,,,35.8664,,,35.8664,,
53,35.8814,35.8814,,,35.8814,,,35.8814,,
54,35.9471,35.9471,,,35.9471,,,35.9471,,
55,35.9466,35.9466,,,35.9466,,,35.9466,,
56,35.9259,35.9259,,,35.9259,,,35.9259,,
57,35.9272,35.9272,,,35.9272,,,35.9272,,
58,35.9953,35.9953,,,35.9953,,,35.9953,,
59,35.9751,35.9751,,,35.9751,,,35.9751,,
60,35.9913,35.9913,,,35.9913,,,35.9913,,
61,36.0097,36.0097,,,36.0097,,,36.0097,,
62,36.0103,36.0103,,,36.0103,,,36.0103,,
63,35.9453,35.9453,,,35.9453,,,35.9453,,
64,35.9316,35.9316,,,35.9316,,,35.9316,,
65,35.9386,35.9386,,,35.9386,,,35.9386,,
66,35.9182,35.9182,,,35.9182,,,35.9182,,
67,35.9356,35.9356,,,35.9356,,,35.9356,,
68,35.8986,35.8986,,,35.8986,,,35.8986,,
69,35.8705,35.8705,,,35.8705,,,35.8705,,
70,35.8327,35.8327,,,35.8327,,,35.8327,,
71,35.8419,35.8419,,,35.8419,,,35.8419,,
72,35.7932,35.7932,,,35.7932,,,35.7932,,
73,35.7589,35.7589,,,35.7589,,,35.7589,,
74,35.7496,35.7496,,,35.7496,,,35.7496,,
75,35.7652,35.7652,,,35.7652,,,35.7652,,
76,35.7825,35.7825,,,35.7825,,,35.7825,,
77,35.802,35.802,,,35.802,,,35.802,,
78,35.7686,35.7686,,,35.7686,,,35.7686,,
79,35.8704,35.8704,,,35.8704,,,35.8704,,
80,36.0554,36.0554,,,36.0554,,,36.0554,,
81,35.8457,35.8457,,,35.8457,,,35.8457,,
82,35.7794,35.7794,,,35.7794,,,35.7794,,
83,35.8013,35.8013,,,35.8013,,,35.8013,,
84,35.8549,35.8549,,,35.8549,,,35.8549,,
85,35.8586,35.8586,,,35.8586,,,35.8586,,
86,35.8955,35.8955,,,35.8955,,,35.8955,,
87,35.8935,35.8935,,,35.8935,,,35.8935,,
88,35.8939,35.8939,,,35.8939,,,35.8939,,
89,35.8771,35.8771,,,35.8771,,,35.8771,,
90,36.0127,36.0127,,,36.0127,,,36.0127,,
91,36.0036,36.0036,,,36.0036,,,36.0036,,
92,36.1301,36.1301,,,36.1301,,,36.1301,,
93,36.1302,36.1302,,,36.1302,,,36.1302,,
94,36.1301,36.1301,,,36.1301,,,36.1301,,
95,36.0609,36.0609,,,36.0609,,,36.0609,,
96,35.9736,35.9736,,,35.9736,,,35.9736,,
97,35.9419,35.9419,,,35.9419,,,35.9419,,
98,35.9155,35.9155,,,35.9155,,,35.9155,,
99,35.9274,35.9274,,,35.9274,,,35.9274,,
100,35.9197,35.9197,,,35.9197,,,35.9197,,
101,35.9167,35.9167,,,35.9167,,,35.9167,,
102,35.8887,35.8887,,,35.8887,,,35.8887,,
103,35.8767,35.8767,,,35.8767,,,35.8767,,
104,35.8985,35.8985,,,35.8985,,,35.8985,,
105,35.9048,35.9048,,,35.9048,,,35.9048,,
106,35.8894,35.8894,,,35.8894,,,35.8894,,
107,35.9079,35.9079,,,35.9079,,,35.9079,,
108,35.9218,35.9218,,,35.9218,,,35.9218,,
109,35.896,35.896,,,35.896,,,35.896,,
110,35.8575,35.8575,,,35.8575,,,35.8575,,
111,35.8639,35.8639,,,35.8639,,,35.8639,,
112,35.9102,35.9102,,,35.9102,,,35.9102,,
113,36.0138,36.0138,,,36.0138,,,36.0138,,
114,36.0549,36.0549,,,36.0549,,,36.0549,,
115,36.0853,36.0853,,,36.0853,,,36.0853,,
116,36.1647,36.1647,,,36.1647,,,36.1647,,
117,36.1537,36.1537,,,36.1537,,,36.1537,,
118,36.2337,36.2337,,,36.2337,,,36.2337,,
119,36.2335,36.2335,,,36.2335,,,36.2335,,
120,36.2664,36.2664,,,36.2664,,,36.2664,,
121,36.2724,36.2724,,,36.2724,,,36.2724,,
122,36.2695,36.2695,,,36.2695,,,36.2695,,
123,36.3133,36.3133,,,36.3133,,,36.3133,,
124,36.3628,36.3628,,,36.3628,,,36.3628,,
125,36.4442,36.4442,,,36.4442,,,36.4442,,
126,36.4695,36.4695,,,36.4695,,,36.4695,,
127,36.502,36.502,,,36.502,,,36.502,,
128,36.5198,36.5198,,,36.5198,,,36.5198,,
129,36.5262,36.5262,,,36.5262,,,36.5262,,
130,36.4596,36.4596,,,36.4596,,,36.4596,,
131,36.4551,36.4551,,,36.4551,,,36.4551,,
132,36.476,36.476,,,36.476,,,36.476,,
133,36.4589,36.4589,,,36.4589,,,36.4589,,
134,36.3591,36.3591,,,36.3591,,,36.3591,,
135,36.3194,36.3194,,,36.3194,,,36.3194,,
136,36.3669,36.3669,,,36.3669,,,36.3669,,
137,36.2157,36.2157,,,36.2157,,,36.2157,,
138,36.1796,36.1796,,,36.1796,,,36.1796,,
139,36.1561,36.1561,,,36.1561,,,36.1561,,
140,36.1807,36.1807,,,36.1807,,,36.1807,,
141,36.1472,36.1472,,,36.1472,,,36.1472,,
142,36.1271,36.1271,,,36.1271,,,36.1271,,
143,36.1083,36.1083,,,36.1083,,,36.1083,,
144,36.1587,36.1587,,,36.1587,,,36.1587,,
145,36.1898,36.1898,,,36.1898,,,36.1898,,
146,36.0977,36.0977,,,36.0977,,,36.0977,,
147,36.1285,36.1285,,,36.1285,,,36.1285,,
148,36.1447,36.1447,,,36.1447,,,36.1447,,
149,36.1954,36.1954,,,36.1954,,,36.1954,,
150,36.2466,36.2466,,,36.2466,,,36.2466,,
151,36.3446,36.3446,,,36.3446,,,36.3446,,
152,36.3964,36.3964,,,36.3964,,,36.3964,,
153,36.449,36.449,,,36.449,,,36.449,,
154,36.4714,36.4714,,,36.4714,,,36.4714,,
155,36.4377,36.4377,,,36.4377,,,36.4377,,
156,36.4907,36.4907,,,36.4907,,,36.4907,,
157,36.5004,36.5004,,,36.5004,,,36.5004,,
158,36.5292,36.5292,,,36.5292,,,36.5292,,
159,36.5234,36.5234,,,36.5234,,,36.5234,,
160,36.4856,36.4856,,,36.4856,,,36.4856,,
161,36.4587,36.4587,,,36.4587,,,36.4587,,
162,36.4323,36.4323,,,36.4323,,,36.4323,,
163,36.4457,36.4457,,,36.4457,,,36.4457,,
164,36.4317,36.4317,,,36.4317,,,36.4317,,
165,36.3958,36.3958,,,36.3958,,,36.3958,,
166,36.3627,36.3627,,,36.3627,,,36.3627,,
167,36.3294,36.3294,,,36.3294,,,36.3294,,
168,36.2677,36.2677,,,36.2677,,,36.2677,,
169,36.2547,36.2547,,,36.2547,,,36.2547,,
170,36.2301,36.2301,,,36.2301,,,36.2301,,
171,36.2103,36.2103,,,36.2103,,,36.2103,,
172,36.2093,36.2093,,,36.2093,,,36.2093,,
173,36.2198,36.2198,,,36.2198,,,36.2198,,
174,36.1975,36.1975,,,36.1975,,,36.1975,,
175,36.1593,36.1593,,,36.1593,,,36.1593,,
176,36.1382,36.1382,,,36.1382,,,36.1382,,
177,36.1583,36.1583,,,36.1583,,,36.1583,,
178,36.2141,36.2141,,,36.2141,,,36.2141,,
179,36.2842,36.2842,,,36.2842,,,36.2842,,
180,36.3993,36.3993,,,36.3993,,,36.3993,,
181,36.4167,36.4167,,,36.4167,,,36.4167,,
182,36.5023,36.5023,,,36.5023,,,36.5023,,
183,36.5555,36.5555,,,36.5555,,,36.5555,,
184,36.5545,36.5545,,,36.5545,,,36.5545,,
185,36.5717,36.5717,,,36.5717,,,36.5717,,
186,36.541,36.541,,,36.541,,,36.541,,
187,36.5477,36.5477,,,36.5477,,,36.5477,,
188,36.5816,36.5816,,,36.5816,,,36.5816,,
189,36.6076,36.6076,,,36.6076,,,36.6076,,
190,36.6626,36.6626,,,36.6626,,,36.6626,,
191,36.6931,36.6931,,,36.6931,,,36.6931,,
192,36.7518,36.7518,,,36.7518,,,36.7518,,
193,36.6468,36.6468,,,36.6468,,,36.6468,,
194,36.686,36.686,,,36.686,,,36.686,,
195,36.646,36.646,,,36.646,,,36.646,,
196,36.6734,36.6734,,,36.6734,,,36.6734,,
197,36.6803,36.6803,,,36.6803,,,36.6803,,
198,36.6727,36.6727,,,36.6727,,,36.6727,,
199,36.6881,36.6881,,,36.6881,,,36.6881,,
200,36.6796,36.6796,,,36.6796,,,36.6796,,
201,36.6334,36.6334,,,36.6334,,,36.6334,,
202,36.6196,36.6196,,,36.6196,,,36.6196,,
203,36.5598,36.5598,,,36.5598,,,36.5598,,
204,36.5151,36.5151,,,36.5151,,,36.5151,,
205,36.4441,36.4441,,,36.4441,,,36.4441,,
206,36.36,36.36,,,36.36,,,36.36,,
207,36.311,36.311,,,36.311,,,36.311,,
208,36.3175,36.3175,,,36.3175,,,36.3175,,
209,36.2766,36.2766,,,36.2766,,,36.2766,,
210,36.2737,36.2737,,,36.2737,,,36.2737,,
211,36.3173,36.3173,,,36.3173,,,36.3173,,
212,36.3652,36.3652,,,36.3652,,,36.3652,,
213,36.4748,36.4748,,,36.4748,,,36.4748,,
214,36.5672,36.5672,,,36.5672,,,36.5672,,
215,36.6609,36.6609,,,36.6609,,,36.6609,,
216,36.6803,36.6803,,,36.6803,,,36.6803,,
217,36.6976,36.6976,,,36.6976,,,36.6976,,
218,36.7085,36.7085,,,36.7085,,,36.7085,,
219,36.7435,36.7435,,,36.7435,,,36.7435,,
220,36.7708,36.7708,,,36.7708,,,36.7708,,
221,36.7959,36.7959,,,36.7959,,,36.7959,,
222,36.8106,36.8106,,,36.8106,,,36.8106,,
223,36.8924,36.8924,,,36.8924,,,36.8924,,
224,36.9186,36.9186,,,36.9186,,,36.9186,,
225,36.9283,36.9283,,,36.9283,,,36.9283,,
226,36.8388,36.8388,,,36.8388,,,36.8388,,
227,36.7788,36.7788,,,36.7788,,,36.7788,,
228,36.8374,36.8374,,,36.8374,,,36.8374,,
229,36.8833,36.8833,,,36.8833,,,36.8833,,
230,36.9082,36.9082,,,36.9082,,,36.9082,,
231,36.9171,36.9171,,,36.9171,,,36.9171,,
232,36.9255,36.9255,,,36.9255,,,,36.9255,36.794884
233,36.9462,36.9462,,,36.9462,,,,36.9462,36.803585
234,36.9668,36.9668,,,36.9668,,,,36.9668,36.812702
235,36.9847,36.9847,,,36.9847,,,,36.9847,36.822395
236,37.0269,37.0269,,,37.0269,,,,37.0269,36.832596
237,37.0179,37.0179,,,37.0179,,,,37.0179,36.844303
238,37.017,37.017,,,37.017,,,,37.017,36.85574
239,37.009,37.009,,,37.009,,,,37.009,36.86623
240,37.0207,37.0207,,,37.0207,,,,37.0207,36.875126
241,36.986,36.986,,,36.986,,,,36.986,36.883003
242,36.9391,36.9391,,,36.9391,,,,36.9391,36.888245
243,36.9148,36.9148,,,36.9148,,,,36.9148,36.889534
244,36.9012,36.9012,,,36.9012,,,,36.9012,36.88735
245,36.9287,36.9287,,,36.9287,,,,36.9287,36.882687
246,36.9572,36.9572,,,36.9572,,,,36.9572,36.878105
247,36.9831,36.9831,,,36.9831,,,,36.9831,36.875168
248,37.0341,37.0341,,,37.0341,,,,37.0341,36.87457
249,37.0301,37.0301,,,37.0301,,,,37.0301,36.877666
250,36.9893,36.9893,,,36.9893,,,,36.9893,36.882576
251,36.9697,36.9697,,,36.9697,,,,36.9697,36.886436
252,36.9935,36.9935,,,36.9935,,,,36.9935,36.88855
253,37.0642,37.0642,,,37.0642,,,,37.0642,36.890522
254,37.0601,37.0601,,,37.0601,,,,37.0601,36.89539
255,37.0177,37.0177,,,37.0177,,,,37.0177,36.901455
256,37.0153,37.0153,,,37.0153,,,,37.0153,36.90596
257,37.0782,37.0782,,,37.0782,,,,37.0782,36.909145
258,37.0305,37.0305,,,37.0305,,,,37.0305,36.91411
259,37.0379,37.0379,,,37.0379,,,,37.0379,36.91767
260,36.9654,36.9654,,,36.9654,,,,36.9654,36.920513
261,36.9765,36.9765,,,36.9765,,,,36.9765,36.919548
262,36.9122,36.9122,,,36.9122,,,,36.9122,36.9169
263,36.8828,36.8828,,,36.8828,,,,36.8828,36.910595
264,36.9246,36.9246,,,36.9246,,,,36.9246,36.901283
265,36.9616,36.9616,,,36.9616,,,,36.9616,36.892673
266,37.0124,37.0124,,,37.0124,,,,37.0124,36.886684
267,37.0393,37.0393,,,37.0393,,,,37.0393,36.884914
268,37.071,37.071,,,37.071,,,,37.071,36.88695
269,37.0873,37.0873,,,37.0873,,,,37.0873,36.892506
270,37.0838,37.0838,,,37.0838,,,,37.0838,36.900475
271,37.0975,37.0975,,,37.0975,,,,37.0975,36.909164
272,37.0998,37.0998,,,37.0998,,,,37.0998,36.918278
273,37.0711,37.0711,,,37.0711,,,,37.0711,36.927105
274,37.0855,37.0855,,,37.0855,,,,37.0855,36.933887
275,37.0821,37.0821,,,37.0821,,,,37.0821,36.939644
276,37.1574,37.1574,,,37.1574,,,,37.1574,36.94425
277,37.0539,37.0539,,,37.0539,,,,37.0539,36.95119
278,37.0551,37.0551,,,37.0551,,,,37.0551,36.95448
279,37.0426,37.0426,,,37.0426,,,,37.0426,36.95549
280,37.0672,37.0672,,,37.0672,,,,37.0672,36.954536
281,37.0752,37.0752,,,37.0752,,,,37.0752,36.95358
282,37.0586,37.0586,,,37.0586,,,,37.0586,36.953056
283,37.0737,37.0737,,,37.0737,,,,37.0737,36.95211
284,37.0747,37.0747,,,37.0747,,,,37.0747,36.951668
285,37.1438,37.1438,,,37.1438,,,,37.1438,36.9516
286,37.1974,37.1974,,,37.1974,,,,37.1974,36.95482
287,37.208,37.208,,,37.208,,,,37.208,36.962116
288,37.1574,37.1574,,,37.1574,,,,37.1574,36.9718
289,37.1167,37.1167,,,37.1167,,,,37.1167,36.98001
290,37.1521,37.1521,,,37.1521,,,,37.1521,36.985004
291,37.1893,37.1893,,,37.1893,,,,37.1893,36.989315
292,37.1249,37.1249,,,37.1249,,,,37.1249,36.99455
293,37.1301,37.1301,,,37.1301,,,,37.1301,36.997143
294,37.0728,37.0728,,,37.0728,,,,37.0728,36.99827
295,37.0811,37.0811,,,37.0811,,,,37.0811,36.99592
296,37.1257,37.1257,,,37.1257,,,,37.1257,36.992077
297,37.1395,37.1395,,,37.1395,,,,37.1395,36.98958
298,37.1446,37.1446,,,37.1446,,,,37.1446,36.988663
299,37.1651,37.1651,,,37.1651,,,,37.1651,36.988987
300,37.1398,37.1398,,,37.1398,,,,37.1398,36.990944
301,37.1589,37.1589,,,37.1589,,,,37.1589,36.99261
302,37.1655,37.1655,,,37.1655,,,,37.1655,36.994846
303,37.1473,37.1473,,,37.1473,,,,37.1473,36.997543
304,37.154,37.154,,,37.154,,,,37.154,36.999523
305,37.1765,37.1765,,,37.1765,,,,37.1765,37.001247
306,37.1335,37.1335,,,37.1335,,,,37.1335,37.00369
307,37.0734,37.0734,,,37.0734,,,,37.0734,37.00449
308,37.0458,37.0458,,,37.0458,,,,37.0458,37.001633
309,37.0238,37.0238,,,37.0238,,,,37.0238,36.995605
310,37.0032,37.0032,,,37.0032,,,,37.0032,36.98714
311,36.9788,36.9788,,,36.9788,,,,36.9788,36.976906
312,36.9774,36.9774,,,36.9774,,,,36.9774,36.965252
313,36.9947,36.9947,,,36.9947,,,,36.9947,36.9535
314,37.0229,37.0229,,,37.0229,,,,37.0229,36.94324
315,37.0479,37.0479,,,37.0479,,,,37.0479,36.935806
316,37.0382,37.0382,,,37.0382,,,,37.0382,36.931633
317,37.0501,37.0501,,,37.0501,,,,37.0501,36.929237
318,37.1211,37.1211,,,37.1211,,,,37.1211,36.928566
319,37.172,37.172,,,37.172,,,,37.172,36.93206
320,37.1522,37.1522,,,37.1522,,,,37.1522,36.94
321,37.1085,37.1085,,,37.1085,,,,37.1085,36.94912
322,37.0626,37.0626,,,37.0626,,,,37.0626,36.95639
323,37.0588,37.0588,,,37.0588,,,,37.0588,36.960033
324,37.0805,37.0805,,,37.0805,,,,37.0805,36.961098
325,37.1222,37.1222,,,37.1222,,,,37.1222,36.96151
326,37.1861,37.1861,,,37.1861,,,,37.1861,36.96334
327,37.2839,37.2839,,,37.2839,,,,37.2839,36.968723
328,37.2423,37.2423,,,37.2423,,,,37.2423,36.980156
329,37.2558,37.2558,,,37.2558,,,,37.2558,36.992554
330,37.2114,37.2114,,,37.2114,,,,37.2114,37.0053
331,37.1332,37.1332,,,37.1332,,,,37.1332,37.015415
332,37.1371,37.1371,,,37.1371,,,,37.1371,37.019848
333,37.1298,37.1298,,,37.1298,,,,37.1298,37.020817
334,37.122,37.122,,,37.122,,,,37.122,37.019344
335,37.1125,37.1125,,,37.1125,,,,37.1125,37.016212
336,37.1256,37.1256,,,37.1256,,,,37.1256,37.011925
337,37.1472,37.1472,,,37.1472,,,,37.1472,37.00786
338,37.1685,37.1685,,,37.1685,,,,37.1685,37.005165
339,37.159,37.159,,,37.159,,,,37.159,37.00442
340,37.156,37.156,,,37.156,,,,37.156,37.00447
341,37.1495,37.1495,,,37.1495,,,,37.1495,37.004864
342,37.1456,37.1456,,,37.1456,,,,37.1456,37.005142
343,37.1337,37.1337,,,37.1337,,,,37.1337,37.00516
344,37.1283,37.1283,,,37.1283,,,,37.1283,37.004498
345,37.1134,37.1134,,,37.1134,,,,37.1134,37.00323
346,37.1033,37.1033,,,37.1033,,,,37.1033,37.001034
347,37.1037,37.1037,,,37.1037,,,,37.1037,36.997997
348,37.104,37.104,,,37.104,,,,37.104,36.994686
349,37.0967,37.0967,,,37.0967,,,,37.0967,36.991447
350,37.0963,37.0963,,,37.0963,,,,37.0963,36.98815
351,37.0849,37.0849,,,37.0849,,,,37.0849,36.98503
352,37.1043,37.1043,,,37.1043,,,,37.1043,36.98172
353,37.1313,37.1313,,,37.1313,,,,37.1313,36.97937
354,37.1428,37.1428,,,37.1428,,,,37.1428,36.978935
355,37.1252,37.1252,,,37.1252,,,,37.1252,36.980152
356,37.1437,37.1437,,,37.1437,,,,37.1437,36.981487
357,37.1417,37.1417,,,37.1417,,,,37.1417,36.983612
358,37.1055,37.1055,,,37.1055,,,,37.1055,36.98596
359,37.1347,37.1347,,,37.1347,,,,37.1347,36.986668
360,37.1758,37.1758,,,37.1758,,,,37.1758,36.987656
361,37.177,37.177,,,37.177,,,,37.177,36.990536
362,37.1881,37.1881,,,37.1881,,,,37.1881,36.994385
363,37.1862,37.1862,,,37.1862,,,,37.1862,36.999043
364,37.1926,37.1926,,,37.1926,,,,37.1926,37.00378
365,37.1605,37.1605,,,37.1605,,,,37.1605,37.008526
366,37.1323,37.1323,,,37.1323,,,,37.1323,37.011528
367,37.1423,37.1423,,,37.1423,,,,37.1423,37.012074
368,37.1018,37.1018,,,37.1018,,,,37.1018,37.011578
369,37.0992,37.0992,,,37.0992,,,,37.0992,37.00871
370,37.117,37.117,,,37.117,,,,37.117,37.00454
371,37.096,37.096,,,37.096,,,,37.096,37.000683
372,37.1219,37.1219,,,37.1219,,,,37.1219,36.996346
373,37.1385,37.1385,,,37.1385,,,,37.1385,36.993187
374,37.1147,37.1147,,,37.1147,,,,37.1147,36.991665
375,37.089,37.089,,,37.089,,,,37.089,36.990158
376,37.0929,37.0929,,,37.0929,,,,37.0929,36.98765
377,37.0766,37.0766,,,37.0766,,,,37.0766,36.98488
378,37.0314,37.0314,,,37.0314,,,,37.0314,36.98141
379,37.0467,37.0467,,,37.0467,,,,37.0467,36.97577
380,37.012,37.012,,,37.012,,,,37.012,36.969906
381,37.0174,37.0174,,,37.0174,,,,37.0174,36.962757
382,37.0323,37.0323,,,37.0323,,,,37.0323,36.95558
383,37.0523,37.0523,,,37.0523,,,,37.0523,36.949516
384,37.031,37.031,,,37.031,,,,37.031,36.9454
385,37.0255,37.0255,,,37.0255,,,,37.0255,36.94176
386,37.0098,37.0098,,,37.0098,,,,37.0098,36.93841
387,36.9412,36.9412,,,36.9412,,,,36.9412,36.93475
388,36.9849,36.9849,,,36.9849,,,,36.9849,36.92811
389,37.0463,37.0463,,,37.0463,,,,37.0463,36.922073
390,37.2483,37.2483,,,37.2483,,,,37.2483,36.919487
391,37.2969,37.2969,,,37.2969,,,,37.2969,36.928013
392,37.3231,37.3231,,,37.3231,,,,37.3231,36.94465
393,37.3654,37.3654,,,37.3654,,,,37.3654,36.96612
394,37.4607,37.4607,,,37.4607,,,,37.4607,36.990833
395,37.4482,37.4482,,,37.4482,,,,37.4482,37.019947
396,37.4501,37.4501,,,37.4501,,,,37.4501,37.049057
397,37.3757,37.3757,,,37.3757,,,,37.3757,37.07626
398,37.3312,37.3312,,,37.3312,,,,37.3312,37.097187
399,37.3722,37.3722,,,37.3722,,,,37.3722,37.11106
400,37.3615,37.3615,,,37.3615,,,,37.3615,37.12167
401,37.39,37.39,,,37.39,,,,37.39,37.129177
402,37.3987,37.3987,,,37.3987,,,,37.3987,37.13567
403,37.3988,37.3988,,,37.3988,,,,37.3988,37.14156
404,37.4131,37.4131,,,37.4131,,,,37.4131,37.14675
405,37.4394,37.4394,,,37.4394,,,,37.4394,37.151867
406,37.4422,37.4422,,,37.4422,,,,37.4422,37.157784
407,37.4526,37.4526,,,37.4526,,,,37.4526,37.163918
408,37.473,37.473,,,37.473,,,,37.473,37.17025
409,37.479,37.479,,,37.479,,,,37.479,37.177185
410,37.4825,37.4825,,,37.4825,,,,37.4825,37.184284
411,37.4779,37.4779,,,37.4779,,,,37.4779,37.19116
412,37.4737,37.4737,,,37.4737,,,,37.4737,37.197247
413,37.4975,37.4975,,,37.4975,,,,37.4975,37.202286
414,37.4784,37.4784,,,37.4784,,,,37.4784,37.20743
415,37.4412,37.4412,,,37.4412,,,,37.4412,37.211445
416,37.4306,37.4306,,,37.4306,,,,37.4306,37.21291
417,37.4243,37.4243,,,37.4243,,,,37.4243,37.212345
418,37.4531,37.4531,,,37.4531,,,,37.4531,37.21035
419,37.4766,37.4766,,,37.4766,,,,37.4766,37.208946
420,37.4881,37.4881,,,37.4881,,,,37.4881,37.20902
421,37.5046,37.5046,,,37.5046,,,,37.5046,37.21048
422,37.5068,37.5068,,,37.5068,,,,37.5068,37.213387
423,37.5391,37.5391,,,37.5391,,,,37.5391,37.21705
424,37.5195,37.5195,,,37.5195,,,,37.5195,37.22233
425,37.5516,37.5516,,,37.5516,,,,37.5516,37.227314
426,37.5582,37.5582,,,37.5582,,,,37.5582,37.23322
427,37.5302,37.5302,,,37.5302,,,,37.5302,37.23952
428,37.5972,37.5972,,,37.5972,,,,37.5972,37.244404
429,37.6448,37.6448,,,37.6448,,,,37.6448,37.251076
430,37.6053,37.6053,,,37.6053,,,,37.6053,37.260403
431,37.5102,37.5102,,,37.5102,,,,37.5102,37.268913
432,37.457,37.457,,,37.457,,,,37.457,37.272205
433,37.4468,37.4468,,,37.4468,,,,37.4468,37.269913
434,37.4345,37.4345,,,37.4345,,,,37.4345,37.264065
435,37.4705,37.4705,,,37.4705,,,,37.4705,37.255997
436,37.4347,37.4347,,,37.4347,,,,37.4347,37.248783
437,37.4423,37.4423,,,37.4423,,,,37.4423,37.240997
438,37.4399,37.4399,,,37.4399,,,,37.4399,37.23379
439,37.4481,37.4481,,,37.4481,,,,37.4481,37.227314
440,37.46,37.46,,,37.46,,,,37.46,37.222073
441,37.4519,37.4519,,,37.4519,,,,37.4519,37.21844
442,37.4451,37.4451,,,37.4451,,,,37.4451,37.215633
443,37.4525,37.4525,,,37.4525,,,,37.4525,37.213203
444,37.4595,37.4595,,,37.4595,,,,37.4595,37.211464
445,37.4625,37.4625,,,37.4625,,,,37.4625,37.210552
446,37.523,37.523,,,37.523,,,,37.523,37.210297
447,37.5432,37.5432,,,37.5432,,,,37.5432,37.213097
448,37.5778,37.5778,,,37.5778,,,,37.5778,37.218357
449,37.5658,37.5658,,,37.5658,,,,37.5658,37.226215
450,37.5696,37.5696,,,37.5696,,,,37.5696,37.234512
451,37.5695,37.5695,,,37.5695,,,,37.5695,37.242664
452,37.5856,37.5856,,,37.5856,,,,37.5856,37.250153
453,37.5687,37.5687,,,37.5687,,,,37.5687,37.25744
454,37.5633,37.5633,,,37.5633,,,,37.5633,37.263348
455,37.58,37.58,,,37.58,,,,37.58,37.267822
456,37.5838,37.5838,,,37.5838,,,,37.5838,37.271896
457,37.5975,37.5975,,,37.5975,,,,37.5975,37.275623
458,37.5314,37.5314,,,37.5314,,,,37.5314,37.279507
459,37.5652,37.5652,,,37.5652,,,,37.5652,37.280315
460,37.5582,37.5582,,,37.5582,,,,37.5582,37.280807
461,37.6093,37.6093,,,37.6093,,,,37.6093,37.280754
462,37.6585,37.6585,,,37.6585,,,,37.6585,37.282654
463,37.6984,37.6984,,,37.6984,,,,37.6984,37.28772
464,37.6853,37.6853,,,37.6853,,,,37.6853,37.29605
465,37.7085,37.7085,,,37.7085,,,,37.7085,37.30514
466,37.6504,37.6504,,,37.6504,,,,37.6504,37.315094
467,37.5894,37.5894,,,37.5894,,,,37.5894,37.322292
468,37.6123,37.6123,,,37.6123,,,,37.6123,37.324726
469,37.6115,37.6115,,,37.6115,,,,37.6115,37.325233
470,37.5983,37.5983,,,37.5983,,,,37.5983,37.32452
471,37.5527,37.5527,,,37.5527,,,,37.5527,37.322582
472,37.5444,37.5444,,,37.5444,,,,37.5444,37.31809
473,37.5459,37.5459,,,37.5459,,,,37.5459,37.312077
474,37.5468,37.5468,,,37.5468,,,,37.5468,37.305664
475,37.5703,37.5703,,,37.5703,,,,37.5703,37.29951
476,37.5745,37.5745,,,37.5745,,,,37.5745,37.29497
477,37.5505,37.5505,,,37.5505,,,,37.5505,37.291874
478,37.5104,37.5104,,,37.5104,,,,37.5104,37.288788
479,37.459,37.459,,,37.459,,,,37.459,37.284164
480,37.4023,37.4023,,,37.4023,,,,37.4023,37.2767
481,37.3519,37.3519,,,37.3519,,,,37.3519,37.265587
482,37.3411,37.3411,,,37.3411,,,,37.3411,37.25089
483,37.2733,37.2733,,,37.2733,,,,37.2733,37.234615
484,37.3023,37.3023,,,37.3023,,,,37.3023,37.215534
485,37.3005,37.3005,,,37.3005,,,,37.3005,37.1974
486,37.3443,37.3443,,,37.3443,,,,37.3443,37.180954
487,37.3741,37.3741,,,37.3741,,,,37.3741,37.168545
488,37.4127,37.4127,,,37.4127,,,,37.4127,37.160637
489,37.4634,37.4634,,,37.4634,,,,37.4634,37.157597
490,37.5586,37.5586,,,37.5586,,,,37.5586,37.15982
491,37.5747,37.5747,,,37.5747,,,,37.5747,37.169132
492,37.6105,37.6105,,,37.6105,,,,37.6105,37.182613
493,37.6286,37.6286,,,37.6286,,,,37.6286,37.19917
494,37.6482,37.6482,,,37.6482,,,,37.6482,37.217136
495,37.6821,37.6821,,,37.6821,,,,37.6821,37.235516
496,37.6926,37.6926,,,37.6926,,,,37.6926,37.254333
497,37.7291,37.7291,,,37.7291,,,,37.7291,37.272545
498,37.7421,37.7421,,,37.7421,,,,37.7421,37.290745
499,37.7472,37.7472,,,37.7472,,,,37.7472,37.30825
500,37.7503,37.7503,,,37.7503,,,,37.7503,37.324375
501,37.7355,37.7355,,,37.7355,,,,37.7355,37.33874
502,37.7521,37.7521,,,37.7521,,,,37.7521,37.350456
503,37.7706,37.7706,,,37.7706,,,,37.7706,37.36058
504,37.7499,37.7499,,,37.7499,,,,37.7499,37.36991
505,37.7064,37.7064,,,37.7064,,,,37.7064,37.37725
506,37.7035,37.7035,,,37.7035,,,,37.7035,37.381065
507,37.6999,37.6999,,,37.6999,,,,37.6999,37.382484
508,37.7013,37.7013,,,37.7013,,,,37.7013,37.38227
509,37.6972,37.6972,,,37.6972,,,,37.6972,37.381207
510,37.7015,37.7015,,,37.7015,,,,37.7015,37.379578
511,37.6759,37.6759,,,37.6759,,,,37.6759,37.377953
512,37.6857,37.6857,,,37.6857,,,,37.6857,37.37533
513,37.6557,37.6557,,,37.6557,,,,37.6557,37.37278
514,37.6542,37.6542,,,37.6542,,,,37.6542,37.369125
515,37.6514,37.6514,,,37.6514,,,,37.6514,37.365036
516,37.6253,37.6253,,,37.6253,,,,37.6253,37.360855
517,37.6245,37.6245,,,37.6245,,,,37.6245,37.355766
518,37.584,37.584,,,37.584,,,,37.584,37.35048
519,37.5371,37.5371,,,37.5371,,,,37.5371,37.34365
520,37.5177,37.5177,,,37.5177,,,,37.5177,37.334347
521,37.5053,37.5053,,,37.5053,,,,37.5053,37.323395
522,37.525,37.525,,,37.525,,,,37.525,37.311676
523,37.5372,37.5372,,,37.5372,,,,37.5372,37.301174
524,37.567,37.567,,,37.567,,,,37.567,37.292625
525,37.5839,37.5839,,,37.5839,,,,37.5839,37.287113
526,37.6035,37.6035,,,37.6035,,,,37.6035,37.284485
527,37.603,37.603,,,37.603,,,,37.603,37.284565
528,37.5471,37.5471,,,37.5471,,,,37.5471,37.28619
529,37.576,37.576,,,37.576,,,,37.576,37.28612
530,37.5507,37.5507,,,37.5507,,,,37.5507,37.28634
531,37.5486,37.5486,,,37.5486,,,,37.5486,37.285545
532,37.5395,37.5395,,,37.5395,,,,37.5395,37.284126
533,37.5647,37.5647,,,37.5647,,,,37.5647,37.282017
534,37.5719,37.5719,,,37.5719,,,,37.5719,37.280758
535,37.5696,37.5696,,,37.5696,,,,37.5696,37.280376
536,37.5508,37.5508,,,37.5508,,,,37.5508,37.28044
537,37.4337,37.4337,,,37.4337,,,,37.4337,37.279934
538,37.4547,37.4547,,,37.4547,,,,37.4547,37.273983
539,37.4233,37.4233,,,37.4233,,,,37.4233,37.266212
540,37.4083,37.4083,,,37.4083,,,,37.4083,37.256485
541,37.4084,37.4084,,,37.4084,,,,37.4084,37.245632
542,37.3578,37.3578,,,37.3578,,,,37.3578,37.234875
543,37.3714,37.3714,,,37.3714,,,,37.3714,37.22268
544,37.3608,37.3608,,,37.3608,,,,37.3608,37.21109
545,37.3537,37.3537,,,37.3537,,,,37.3537,37.200165
546,37.3364,37.3364,,,37.3364,,,,37.3364,37.19006
547,37.2723,37.2723,,,37.2723,,,,37.2723,37.18035
548,37.1996,37.1996,,,37.1996,,,,37.1996,37.168705
549,37.1409,37.1409,,,37.1409,,,,37.1409,37.153507
550,37.0963,37.0963,,,37.0963,,,,37.0963,37.134666
551,37.0448,37.0448,,,37.0448,,,,37.0448,37.112965
552,37.0017,37.0017,,,37.0017,,,,37.0017,37.08877
553,36.9528,36.9528,,,36.9528,,,,36.9528,37.062836
554,36.9203,36.9203,,,36.9203,,,,36.9203,37.035454
555,36.9096,36.9096,,,36.9096,,,,36.9096,37.007618
556,36.9431,36.9431,,,36.9431,,,,36.9431,36.98089
557,36.9258,36.9258,,,36.9258,,,,36.9258,36.958054
558,37.0042,37.0042,,,37.0042,,,,37.0042,36.938244
559,37.0843,37.0843,,,37.0843,,,,37.0843,36.924984
560,37.144,37.144,,,37.144,,,,37.144,36.919956
561,37.2506,37.2506,,,37.2506,,,,37.2506,36.922707
562,37.3005,37.3005,,,37.3005,,,,37.3005,36.934525
563,37.3556,37.3556,,,37.3556,,,,37.3556,36.953022
564,37.4135,37.4135,,,37.4135,,,,37.4135,36.976578
565,37.4405,37.4405,,,37.4405,,,,37.4405,37.004005
566,37.3953,37.3953,,,37.3953,,,,37.3953,37.032967
567,37.4812,37.4812,,,37.4812,,,,37.4812,37.05882
568,37.4574,37.4574,,,37.4574,,,,37.4574,37.08485
569,37.5342,37.5342,,,37.5342,,,,37.5342,37.108105
570,37.505,37.505,,,37.505,,,,37.505,37.131557
571,37.5444,37.5444,,,37.5444,,,,37.5444,37.152225
572,37.4916,37.4916,,,37.4916,,,,37.4916,37.17164
573,37.4929,37.4929,,,37.4929,,,,37.4929,37.186676
574,37.505,37.505,,,37.505,,,,37.505,37.198246
575,37.485,37.485,,,37.485,,,,37.485,37.20756
576,37.4247,37.4247,,,37.4247,,,,37.4247,37.214077
577,37.4093,37.4093,,,37.4093,,,,37.4093,37.215916
578,37.3865,37.3865,,,37.3865,,,,37.3865,37.21428
579,37.3398,37.3398,,,,37.3398,37.510082,,37.3398,37.20975
580,37.3552,37.3552,,,,37.3552,37.48332,,37.3552,37.20183
581,37.3727,37.3727,,,,37.3727,37.46208,,37.3727,37.1932
582,37.3402,37.3402,,,,37.3402,37.45017,,37.3402,37.18552
583,37.3186,37.3186,,,,37.3186,37.44134,,37.3186,37.17753
584,37.3058,37.3058,,,,37.3058,37.433605,,37.3058,37.168983
585,37.3104,37.3104,,,,37.3104,37.426754,,37.3104,37.160145
586,37.2616,37.2616,,,,37.2616,37.42284,,37.2616,37.151943
587,37.248,37.248,,,,37.248,37.414913,,37.248,37.142513
588,37.2444,37.2444,,,,37.2444,37.404907,,37.2444,37.132423
589,37.2285,37.2285,,,,37.2285,37.395206,,37.2285,37.12245
590,37.2201,37.2201,,,,37.2201,37.385265,,37.2201,37.112514
591,37.2625,37.2625,,,,37.2625,37.37587,,37.2625,37.102894
592,37.2972,37.2972,,,,37.2972,37.374306,,37.2972,37.095966
593,37.3155,37.3155,,,,37.3155,37.38205,,37.3155,37.092594
594,37.3314,37.3314,,,,37.3314,37.396343,,37.3314,37.092335
595,37.3174,37.3174,,,,37.3174,37.41442,,37.3174,37.094604
596,37.3443,37.3443,,,,37.3443,37.42989,,37.3443,37.09757
597,37.3822,37.3822,,,,37.3822,37.44537,,37.3822,37.101906
598,37.3555,37.3555,,,,37.3555,37.46349,,37.3555,37.108383
599,37.3908,37.3908,,,,37.3908,37.476078,,37.3908,37.114475
600,37.4179,37.4179,,,,37.4179,37.48854,,37.4179,37.121483
601,37.4611,37.4611,,,,37.4611,37.50226,,37.4611,37.12971
602,37.5685,37.5685,,,,37.5685,37.520195,,37.5685,37.13999
603,37.5894,37.5894,,,,37.5894,37.552525,,37.5894,37.155502
604,37.5886,37.5886,,,,37.5886,37.590054,,37.5886,37.17391
605,37.6153,37.6153,,,,37.6153,37.624325,,37.6153,37.192738
606,37.7046,37.7046,,,,37.7046,37.65508,,37.7046,37.2117
607,37.6162,37.6162,,,,37.6162,37.69153,,37.6162,37.233353
608,37.5819,37.5819,,,,37.5819,37.71147,,37.5819,37.251175
609,37.5955,37.5955,,,,37.5955,37.7142,,37.5955,37.264088
610,37.6094,37.6094,,,,37.6094,37.708424,,37.6094,37.273846
611,37.6187,37.6187,,,,37.6187,37.700066,,37.6187,37.281704
612,37.6016,37.6016,,,,37.6016,37.692337,,37.6016,37.288353
613,37.6427,37.6427,,,,37.6427,37.683323,,37.6427,37.293125
614,37.6855,37.6855,,,,37.6855,37.68103,,37.6855,37.29833
615,37.7042,37.7042,,,,37.7042,37.68884,,37.7042,37.305325
616,37.7581,37.7581,,,,37.7581,37.703766,,37.7581,37.313736
617,37.7535,37.7535,,,,37.7535,37.72852,,37.7535,37.3248
618,37.7577,37.7577,,,,37.7577,37.754265,,37.7577,37.336445
619,37.761,37.761,,,,37.761,37.777626,,37.761,37.347843
620,37.7827,37.7827,,,,37.7827,37.796715,,37.7827,37.358467
621,37.7874,37.7874,,,,37.7874,37.813747,,37.7874,37.36886
622,37.7775,37.7775,,,,37.7775,37.827522,,37.7775,37.378613
623,37.756,37.756,,,,37.756,37.835796,,37.756,37.3869
624,37.729,37.729,,,,37.729,37.836494,,37.729,37.392845
625,37.6891,37.6891,,,,37.6891,37.828884,,37.6891,37.395844
626,37.6684,37.6684,,,,37.6684,37.811993,,37.6684,37.395203
627,37.6796,37.6796,,,,37.6796,37.789715,,37.6796,37.391605
628,37.6925,37.6925,,,,37.6925,37.769684,,37.6925,37.387043
629,37.747,37.747,,,,37.747,37.755913,,37.747,37.38282
630,37.7664,37.7664,,,,37.7664,37.755928,,37.7664,37.381493
631,37.7885,37.7885,,,,37.7885,37.766487,,37.7885,37.38281
632,37.7961,37.7961,,,,37.7961,37.78496,,37.7961,37.38656
633,37.7939,37.7939,,,,37.7939,37.80648,,37.7939,37.39181
634,37.8042,37.8042,,,,37.8042,37.826416,,37.8042,37.397472
635,37.8631,37.8631,,,,37.8631,37.8442,,37.8631,37.40344
636,37.8772,37.8772,,,,37.8772,37.866795,,37.8772,37.411736
637,37.8963,37.8963,,,,37.8963,37.89022,,37.8963,37.421402
638,37.8686,37.8686,,,,37.8686,37.913166,,37.8686,37.43204
639,37.9066,37.9066,,,,37.9066,37.927795,,37.9066,37.441288
640,37.973,37.973,,,,37.973,37.94112,,37.973,37.450764
641,37.9531,37.9531,,,,37.9531,37.960884,,37.9531,37.462605
642,38.0791,38.0791,,,,38.0791,37.977245,,38.0791,37.4741
643,37.9191,37.9191,,,,37.9191,38.00803,,37.9191,37.490154
644,37.8014,37.8014,,,,37.8014,38.0164,,37.8014,37.500675
645,37.8046,37.8046,,,,37.8046,37.994244,,37.8046,37.50222
646,37.8811,37.8811,,,,37.8811,37.95947,,37.8811,37.49862
647,37.8664,37.8664,,,,37.8664,37.933918,,37.8664,37.495594
648,37.8875,37.8875,,,,37.8875,37.914352,,37.8875,37.492447
649,37.8708,37.8708,,,,37.8708,37.90456,,37.8708,37.490444
650,37.843,37.843,,,,37.843,37.899357,,37.843,37.488533
651,37.8641,37.8641,,,,37.8641,37.893963,,37.8641,37.48563
652,37.8457,37.8457,,,,37.8457,37.893158,,37.8457,37.4833
653,37.8396,37.8396,,,,37.8396,37.89257,,37.8396,37.480644
654,37.8368,37.8368,,,,37.8368,37.89194,,37.8368,37.477734
655,37.8268,37.8268,,,,37.8268,37.891445,,37.8268,37.474762
656,37.834,37.834,,,,37.834,37.89001,,37.834,37.471516
657,37.8495,37.8495,,,,37.8495,37.889748,,37.8495,37.46866
658,37.8354,37.8354,,,,37.8354,37.892696,,37.8354,37.466896
659,37.8589,37.8589,,,,37.8589,37.894974,,37.8589,37.465263
660,37.8518,37.8518,,,,37.8518,37.900337,,37.8518,37.464863
661,37.8458,37.8458,,,,37.8458,37.90545,,37.8458,37.46487
662,37.867,37.867,,,,37.867,37.90888,,37.867,37.464863
663,37.857,37.857,,,,37.857,37.914047,,37.857,37.465767
664,37.8643,37.8643,,,,37.8643,37.917664,,37.8643,37.46668
665,37.8864,37.8864,,,,37.8864,37.92096,,37.8864,37.46786
666,37.8912,37.8912,,,,37.8912,37.926685,,37.8912,37.470074
667,37.8867,37.8867,,,,37.8867,37.93328,,37.8867,37.47293
668,37.899,37.899,,,,37.899,37.938503,,37.899,37.475765
669,37.8887,37.8887,,,,37.8887,37.943886,,37.8887,37.47893
670,37.9212,37.9212,,,,37.9212,37.946686,,37.9212,37.48161
671,37.9247,37.9247,,,,37.9247,37.9524,,37.9247,37.485252
672,37.9208,37.9208,,,,37.9208,37.958908,,37.9208,37.48933
673,37.8975,37.8975,,,,37.8975,37.964104,,37.8975,37.493214
674,37.9205,37.9205,,,,37.9205,37.964134,,37.9205,37.495705
675,37.9798,37.9798,,,,37.9798,37.964767,,37.9798,37.498234
676,38.0058,38.0058,,,,38.0058,37.974174,,38.0058,37.503185
677,38.0322,38.0322,,,,38.0322,37.990334,,38.0322,37.510323
678,37.9964,37.9964,,,,37.9964,38.01152,,37.9964,37.51939
679,37.9473,37.9473,,,,37.9473,38.02655,,37.9473,37.52738
680,37.9461,37.9461,,,,37.9461,38.02858,,37.9461,37.532074
681,37.9336,37.9336,,,,37.9336,38.023037,,37.9336,37.53449
682,37.8837,37.8837,,,,37.8837,38.011925,,37.8837,37.53485
683,37.8687,37.8687,,,,37.8687,37.99178,,37.8687,37.53183
684,37.8829,37.8829,,,,37.8829,37.967777,,37.8829,37.52643
685,37.874,37.874,,,,37.874,37.947536,,37.874,37.520657
686,37.8677,37.8677,,,,37.8677,37.931164,,37.8677,37.514683
687,37.86,37.86,,,,37.86,37.918896,,37.86,37.508755
688,37.8693,37.8693,,,,37.8693,37.910088,,37.8693,37.50295
689,37.8378,37.8378,,,,37.8378,37.906464,,37.8378,37.498028
690,37.8232,37.8232,,,,37.8232,37.901974,,37.8232,37.49258
691,37.869,37.869,,,,37.869,37.896248,,37.869,37.486588
692,37.8497,37.8497,,,,37.8497,37.898045,,37.8497,37.482693
693,37.8568,37.8568,,,,37.8568,37.90083,,37.8568,37.47941
694,37.842,37.842,,,,37.842,37.90532,,37.842,37.47703
695,37.8493,37.8493,,,,37.8493,37.90803,,37.8493,37.474686
696,37.8419,37.8419,,,,37.8419,37.91071,,37.8419,37.47284
697,37.8529,37.8529,,,,37.8529,37.91185,,37.8529,37.471066
698,37.8826,37.8826,,,,37.8826,37.913666,,37.8826,37.469936
699,37.9535,37.9535,,,,37.9535,37.919865,,37.9535,37.470543
700,37.9777,37.9777,,,,37.9777,37.93784,,37.9777,37.475204
701,37.9949,37.9949,,,,37.9949,37.962612,,37.9949,37.48292
702,38.0074,38.0074,,,,38.0074,37.989708,,38.0074,37.492634
703,38.0069,38.0069,,,,38.0069,38.015488,,38.0069,37.503365
704,38.0497,38.0497,,,,38.0497,38.036037,,38.0497,37.513905
705,38.0711,38.0711,,,,38.0711,38.056515,,38.0711,37.52546
706,38.0732,38.0732,,,,38.0732,38.076096,,38.0732,37.5377
707,38.028,38.028,,,,38.028,38.091698,,38.028,37.549576
708,38.0069,38.0069,,,,38.0069,38.095146,,38.0069,37.558437
709,37.952,37.952,,,,37.952,38.087833,,37.952,37.56405
710,37.8898,37.8898,,,,37.8898,38.066856,,37.8898,37.564983
711,37.853,37.853,,,,37.853,38.032085,,37.853,37.560467
712,37.766,37.766,,,,37.766,37.9897,,37.766,37.551525
713,37.8401,37.8401,,,,37.8401,37.936825,,37.8401,37.53686
714,37.8671,37.8671,,,,37.8671,37.898323,,37.8671,37.52319
715,37.7853,37.7853,,,,37.7853,37.877472,,37.7853,37.512184
716,37.8493,37.8493,,,,37.8493,37.85806,,37.8493,37.499947
717,37.8595,37.8595,,,,37.8595,37.853554,,37.8595,37.49072
718,37.8469,37.8469,,,,37.8469,37.859867,,37.8469,37.484272
719,37.8209,37.8209,,,,37.8209,37.87025,,37.8209,37.479355
720,37.7678,37.7678,,,,37.7678,37.87839,,37.7678,37.47452
721,37.7474,37.7474,,,,37.7474,37.877003,,37.7474,37.46775
722,37.7589,37.7589,,,,37.7589,37.868355,,37.7589,37.459415
723,37.752,37.752,,,,37.752,37.859074,,37.752,37.45123
724,37.7831,37.7831,,,,37.7831,37.849876,,37.7831,37.443356
725,37.7815,37.7815,,,,37.7815,37.846893,,37.7815,37.437576
726,37.7741,37.7741,,,,37.7741,37.847416,,37.7741,37.433315
727,37.7329,37.7329,,,,37.7329,37.848824,,37.7329,37.429905
728,37.7391,37.7391,,,,37.7391,37.8445,,37.7391,37.42541
729,37.7247,37.7247,,,,37.7247,37.83885,,37.7247,37.420876
730,37.7081,37.7081,,,,37.7081,37.83101,,37.7081,37.415955
731,37.6935,37.6935,,,,37.6935,37.820694,,37.6935,37.41042
732,37.6989,37.6989,,,,37.6989,37.808445,,37.6989,37.40426
733,37.7102,37.7102,,,,37.7102,37.797787,,37.7102,37.398384
734,37.726,37.726,,,,37.726,37.79118,,37.726,37.393566
735,37.7345,37.7345,,,,37.7345,37.790043,,37.7345,37.390373
736,37.7017,37.7017,,,,37.7017,37.793278,,37.7017,37.388714
737,37.7143,37.7143,,,,37.7143,37.79361,,37.7143,37.386616
738,37.6754,37.6754,,,,37.6754,37.79439,,37.6754,37.38496
739,37.6761,37.6761,,,,37.6761,37.789425,,37.6761,37.381943
740,37.6505,37.6505,,,,37.6505,37.78236,,37.6505,37.37838
741,37.6759,37.6759,,,,37.6759,37.77132,,37.6759,37.373596
742,37.7194,37.7194,,,,37.7194,37.7636,,37.7194,37.369553
743,37.689,37.689,,,,37.689,37.764988,,37.689,37.3681
744,37.7106,37.7106,,,,37.7106,37.766464,,37.7106,37.36691
745,37.707,37.707,,,,37.707,37.771236,,37.707,37.36693
746,37.7121,37.7121,,,,37.7121,37.77641,,37.7121,37.36747
747,37.7151,37.7151,,,,37.7151,37.781788,,37.7151,37.368496
748,37.6952,37.6952,,,,37.6952,37.786804,,37.6952,37.369858
749,37.6891,37.6891,,,,37.6891,37.78781,,37.6891,37.370434
750,37.7888,37.7888,,,,37.7888,37.785572,,37.7888,37.37025
751,37.7494,37.7494,,,,37.7494,37.796417,,37.7494,37.374004
752,37.7465,37.7465,,,,37.7465,37.806183,,37.7465,37.378014
753,37.7937,37.7937,,,,37.7937,37.813713,,37.7937,37.381813
754,37.7899,37.7899,,,,37.7899,37.825687,,37.7899,37.387295
755,37.8166,37.8166,,,,37.8166,37.837196,,37.8166,37.393177
756,37.8075,37.8075,,,,37.8075,37.850525,,37.8075,37.40007
757,37.7903,37.7903,,,,37.7903,37.86105,,37.7903,37.406662
758,37.8095,37.8095,,,,37.8095,37.8657,,37.8095,37.411884
759,37.7992,37.7992,,,,37.7992,37.869076,,37.7992,37.416786
760,37.7551,37.7551,,,,37.7551,37.86925,,37.7551,37.420708
761,37.7434,37.7434,,,,37.7434,37.860916,,37.7434,37.421867
762,37.7435,37.7435,,,,37.7435,37.847546,,37.7435,37.420853
763,37.706,37.706,,,,37.706,37.833355,,37.706,37.418648
764,37.7146,37.7146,,,,37.7146,37.815277,,37.7146,37.414265
765,37.7217,37.7217,,,,37.7217,37.79945,,37.7217,37.40933
766,37.7114,37.7114,,,,37.7114,37.788406,,37.7114,37.40472
767,37.6869,37.6869,,,,37.6869,37.780407,,37.6869,37.40018
768,37.6604,37.6604,,,,37.6604,37.772152,,37.6604,37.394936
769,37.6358,37.6358,,,,37.6358,37.761696,,37.6358,37.3885
770,37.6312,37.6312,,,,37.6312,37.74856,,37.6312,37.380733
771,37.6265,37.6265,,,,37.6265,37.735798,,37.6265,37.372528
772,37.6197,37.6197,,,,37.6197,37.724854,,37.6197,37.364418
773,37.6638,37.6638,,,,37.6638,37.71596,,37.6638,37.356617
774,37.6648,37.6648,,,,37.6648,37.716362,,37.6648,37.35148
775,37.682,37.682,,,,37.682,37.721996,,37.682,37.348255
776,37.6815,37.6815,,,,37.6815,37.73252,,37.6815,37.347137
777,37.6952,37.6952,,,,37.6952,37.7442,,37.6952,37.347282
778,37.696,37.696,,,,37.696,37.756905,,37.696,37.348747
779,37.7113,37.7113,,,,37.7113,37.768265,,37.7113,37.35089
780,37.7131,37.7131,,,,37.7131,37.77931,,37.7131,37.35394
781,37.726,37.726,,,,37.726,37.788445,,37.726,37.357365
782,37.6188,37.6188,,,,37.6188,37.79677,,37.6188,37.36133
783,37.6682,37.6682,,,,37.6682,37.787174,,37.6682,37.360615
784,37.7568,37.7568,,,,37.7568,37.77684,,37.7568,37.35943
785,37.7568,37.7568,,,,37.7568,37.779854,,37.7568,37.361885
786,37.7479,37.7479,,,,37.7479,37.788918,,37.7479,37.366272
787,37.8617,37.8617,,,,37.8617,37.798584,,37.8617,37.37112
788,37.8497,37.8497,,,,37.8497,37.823906,,37.8497,37.380913
789,37.8459,37.8459,,,,37.8459,37.851315,,37.8459,37.392323
790,37.8733,37.8733,,,,37.8733,37.87518,,37.8733,37.40375
791,37.8901,37.8901,,,,37.8901,37.897285,,37.8901,37.415596
792,37.9471,37.9471,,,,37.9471,37.91696,,37.9471,37.42758
793,37.8854,37.8854,,,,37.8854,37.940273,,37.8854,37.441307
794,37.9125,37.9125,,,,37.9125,37.951855,,37.9125,37.452366
795,37.905,37.905,,,,37.905,37.959267,,37.905,37.46235
796,37.893,37.893,,,,37.893,37.961304,,37.893,37.47067
797,37.8977,37.8977,,,,37.8977,37.95784,,37.8977,37.476933
798,37.8806,37.8806,,,,37.8806,37.952267,,37.8806,37.4818
799,37.9047,37.9047,,,,37.9047,37.943478,,37.9047,37.48478
800,37.9219,37.9219,,,,37.9219,37.937862,,37.9219,37.487553
801,37.896,37.896,,,,37.896,37.937214,,37.896,37.49076
802,37.9185,37.9185,,,,37.9185,37.93551,,37.9185,37.492897
803,37.9067,37.9067,,,,37.9067,37.93728,,37.9067,37.495277
804,37.8371,37.8371,,,,37.8371,37.938957,,37.8371,37.497124
805,37.8129,37.8129,,,,37.8129,37.93027,,37.8129,37.495502
806,37.7826,37.7826,,,,37.7826,37.91439,,37.7826,37.490974
807,37.7694,37.7694,,,,37.7694,37.89284,,37.7694,37.483734
808,37.8109,37.8109,,,,37.8109,37.870018,,37.8109,37.474865
809,37.8525,37.8525,,,,37.8525,37.856575,,37.8525,37.467487
810,37.8663,37.8663,,,,37.8663,37.856644,,37.8663,37.4633
811,37.8668,37.8668,,,,37.8668,37.866474,,37.8668,37.46187
812,37.8635,37.8635,,,,37.8635,37.880775,,37.8635,37.46217
813,37.9059,37.9059,,,,37.9059,37.895374,,37.9059,37.46332
814,37.9128,37.9128,,,,37.9128,37.914577,,37.9128,37.466736
815,37.9508,37.9508,,,,37.9508,37.93426,,37.9508,37.471493
816,38.0322,38.0322,,,,38.0322,37.956913,,38.0322,37.47836
817,38.0264,38.0264,,,,38.0264,37.989597,,38.0264,37.489513
818,38.0574,38.0574,,,,38.0574,38.02114,,38.0574,37.50208
819,37.9877,37.9877,,,,37.9877,38.051678,,37.9877,37.51597
820,37.9133,37.9133,,,,37.9133,38.06559,,37.9133,37.52658
821,37.9936,37.9936,,,,37.9936,38.056786,,37.9936,37.531326
822,37.9428,37.9428,,,,37.9428,38.048706,,37.9428,37.535877
823,37.9655,37.9655,,,,37.9655,38.033085,,37.9655,37.5377
824,37.9023,37.9023,,,,37.9023,38.01907,,37.9023,37.53887
825,37.8473,37.8473,,,,37.8473,37.997986,,37.8473,37.536823
826,37.8972,37.8972,,,,37.8972,37.968365,,37.8972,37.530697
827,37.8817,37.8817,,,,37.8817,37.946495,,37.8817,37.524845
828,37.8468,37.8468,,,,37.8468,37.929665,,37.8468,37.51886
829,37.8743,37.8743,,,,37.8743,37.913544,,37.8743,37.511715
830,37.8355,37.8355,,,,37.8355,37.905193,,37.8355,37.50564
831,37.8188,37.8188,,,,37.8188,37.896957,,37.8188,37.498886
832,37.8009,37.8009,,,,37.8009,37.888508,,37.8009,37.491512
833,37.7862,37.7862,,,,37.7862,37.879257,,37.7862,37.4835
834,37.7769,37.7769,,,,37.7769,37.869457,,37.7769,37.475033
835,37.7865,37.7865,,,,37.7865,37.86007,,37.7865,37.466476
836,37.732,37.732,,,,37.732,37.85425,,37.732,37.45887
837,37.7437,37.7437,,,,37.7437,37.843567,,37.7437,37.449947
838,37.7627,37.7627,,,,37.7627,37.83434,,37.7627,37.441402
839,37.7105,37.7105,,,,37.7105,37.83027,,37.7105,37.43447
840,37.7327,37.7327,,,,37.7327,37.822086,,37.7327,37.42665
841,37.7033,37.7033,,,,37.7033,37.816784,,37.7033,37.419846
842,37.6575,37.6575,,,,37.6575,37.80949,,37.6575,37.412773
843,37.6458,37.6458,,,,37.6458,37.795834,,37.6458,37.40403
844,37.6708,37.6708,,,,37.6708,37.779438,,37.6708,37.394398
845,37.6768,37.6768,,,,37.6768,37.767754,,37.6768,37.385983
846,37.6764,37.6764,,,,37.6764,37.76117,,37.6764,37.379093
847,37.6925,37.6925,,,,37.6925,37.758415,,37.6925,37.373547
848,37.7035,37.7035,,,,37.7035,37.760662,,37.7035,37.369858
849,37.7114,37.7114,,,,37.7114,37.7669,,37.7114,37.36797
850,37.741,37.741,,,,37.741,37.77553,,37.741,37.36759
851,37.7428,37.7428,,,,37.7428,37.788452,,37.7428,37.3694
852,37.7682,37.7682,,,,37.7682,37.801743,,37.7682,37.37241
853,37.7844,37.7844,,,,37.7844,37.816807,,37.7844,37.377014
854,37.7698,37.7698,,,,37.7698,37.83252,,37.7698,37.382915
855,37.7976,37.7976,,,,37.7976,37.843613,,37.7976,37.3885
856,37.8488,37.8488,,,,37.8488,37.8543,,37.8488,37.394745
857,37.8228,37.8228,,,,37.8228,37.87008,,37.8228,37.40315
858,37.8352,37.8352,,,,37.8352,37.881577,,37.8352,37.411076
859,37.8987,37.8987,,,,37.8987,37.890594,,37.8987,37.418736
860,37.9234,37.9234,,,,37.9234,37.905758,,37.9234,37.428486
861,37.8541,37.8541,,,,37.8541,37.92478,,37.8541,37.439835
862,37.9051,37.9051,,,,37.9051,37.932095,,37.9051,37.448288
863,37.9306,37.9306,,,,37.9306,37.939617,,37.9306,37.456768
864,37.7903,37.7903,,,,37.7903,37.949028,,37.7903,37.46574
865,37.7497,37.7497,,,,37.7497,37.93644,,37.7497,37.468243
866,37.7664,37.7664,,,,37.7664,37.908417,,37.7664,37.465122
867,37.7398,37.7398,,,,37.7398,37.87862,,37.7398,37.459675
868,37.704,37.704,,,,37.704,37.84818,,37.704,37.452076
869,37.6706,37.6706,,,,37.6706,37.817135,,37.6706,37.44223
870,37.6368,37.6368,,,,37.6368,37.786224,,37.6368,37.43032
871,37.6435,37.6435,,,,37.6435,37.75593,,37.6435,37.416584
872,37.6036,37.6036,,,,37.6036,37.73247,,37.6036,37.40304
873,37.6089,37.6089,,,,37.6089,37.71121,,37.6089,37.388798
874,37.5973,37.5973,,,,37.5973,37.696274,,37.5973,37.375378
875,37.6198,37.6198,,,,37.6198,37.68615,,37.6198,37.362843
876,37.5731,37.5731,,,,37.5731,37.684322,,37.5731,37.352673
877,37.5177,37.5177,,,,37.5177,37.681133,,37.5177,37.34251
878,37.4813,37.4813,,,,37.4813,37.67063,,37.4813,37.330624
879,37.4323,37.4323,,,,37.4323,37.65325,,37.4323,37.316936
880,37.4052,37.4052,,,,37.4052,37.628193,,37.4052,37.300957
881,37.3817,37.3817,,,,37.3817,37.599354,,37.3817,37.283524
882,37.4003,37.4003,,,,37.4003,37.569775,,37.4003,37.265373
883,37.4002,37.4002,,,,37.4002,37.547195,,37.4002,37.248848
884,37.4019,37.4019,,,,37.4019,37.5319,,37.4019,37.234364
885,37.385,37.385,,,,37.385,37.523415,,37.385,37.22213
886,37.408,37.408,,,,37.408,37.5178,,37.408,37.211277
887,37.4243,37.4243,,,,37.4243,37.518158,,37.4243,37.20297
888,37.4431,37.4431,,,,37.4431,37.52403,,37.4431,37.19739
889,37.4808,37.4808,,,,37.4808,37.534702,,37.4808,37.194588
890,37.434,37.434,,,,37.434,37.551678,,37.434,37.195225
891,37.3802,37.3802,,,,37.3802,37.562588,,37.3802,37.195732
892,37.3585,37.3585,,,,37.3585,37.56091,,37.3585,37.19375
893,37.3549,37.3549,,,,37.3549,37.54936,,37.3549,37.18946
894,37.386,37.386,,,,37.386,37.533195,,37.386,37.18392
895,37.5025,37.5025,,,,37.5025,37.520863,,37.5025,37.179367
896,37.3886,37.3886,,,,37.3886,37.528473,,37.3886,37.180817
897,37.3585,37.3585,,,,37.3585,37.52884,,37.3585,37.18063
898,37.3103,37.3103,,,,37.3103,37.521545,,37.3103,37.17824
899,37.2552,37.2552,,,,37.2552,37.504196,,37.2552,37.17257
900,37.2735,37.2735,,,,37.2735,37.47619,,37.2735,37.16292
901,37.3221,37.3221,,,,37.3221,37.449234,,37.3221,37.1524
902,37.324,37.324,,,,37.324,37.433453,,37.324,37.144203
903,37.323,37.323,,,,37.323,37.426228,,37.323,37.138004
904,37.3278,37.3278,,,,37.3278,37.424885,,37.3278,37.13337
905,37.3339,37.3339,,,,37.3339,37.427917,,37.3339,37.130184
906,37.3506,37.3506,,,,37.3506,37.43396,,37.3506,37.128323
907,37.3795,37.3795,,,,37.3795,37.443245,,37.3795,37.128082
908,37.3683,37.3683,,,,37.3683,37.457027,,37.3683,37.130066
909,37.4057,37.4057,,,,37.4057,37.46956,,37.4057,37.1327
910,37.4081,37.4081,,,,37.4081,37.484875,,37.4081,37.137188
911,37.4296,37.4296,,,,37.4296,37.499447,,37.4296,37.142525
912,37.4083,37.4083,,,,37.4083,37.514317,,37.4083,37.14894
913,37.4007,37.4007,,,,37.4007,37.52371,,37.4007,37.154594
914,37.4263,37.4263,,,,37.4263,37.52742,,37.4263,37.159084
915,37.4278,37.4278,,,,37.4278,37.530758,,37.4278,37.163708
916,37.3972,37.3972,,,,37.3972,37.53308,,37.3972,37.16814
917,37.3895,37.3895,,,,37.3895,37.52983,,37.3895,37.170822
918,37.3595,37.3595,,,,37.3595,37.52283,,37.3595,37.171974
919,37.342,37.342,,,,37.342,37.51034,,37.342,37.17083
920,37.3444,37.3444,,,,37.3444,37.49425,,37.3444,37.167664
921,37.3283,37.3283,,,,37.3283,37.478947,,37.3283,37.16364
922,37.3469,37.3469,,,,37.3469,37.464092,,37.3469,37.158688
923,37.3262,37.3262,,,,37.3262,37.454563,,37.3262,37.154366
924,37.3436,37.3436,,,,37.3436,37.44656,,37.3436,37.1498
925,37.3974,37.3974,,,,37.3974,37.443455,,37.3974,37.146187
926,37.4038,,37.4038,37.397903,,37.4038,37.451256,,37.4038,37.14575
927,37.3963,,37.3963,37.41304,,37.3963,37.46482,,37.3963,37.147465
928,37.3627,,37.3627,37.42833,,37.3627,37.478798,,37.3627,37.150013
929,37.3867,,37.3867,37.43613,,37.3867,37.486412,,37.3867,37.15139
930,37.3467,,37.3467,37.44223,,37.3467,37.493046,,37.3467,37.15304
931,37.3506,,37.3506,37.439976,,37.3506,37.492268,,37.3506,37.152946
932,37.3373,,37.3373,37.433987,,37.3373,37.488243,,37.3373,37.152023
933,37.3349,,37.3349,37.424633,,37.3349,37.480965,,37.3349,37.15007
934,37.3849,,37.3849,37.414448,,37.3849,37.472614,,37.3849,37.147545
935,37.412,,37.412,37.413128,,37.412,37.47189,,37.412,37.147064
936,37.3684,,37.3684,37.421135,,37.3684,37.47899,,37.3684,37.148994
937,37.3342,,37.3342,37.426407,,37.3342,37.48308,,37.3342,37.15029
938,37.3217,,37.3217,37.424152,,37.3217,37.480385,,37.3217,37.149647
939,37.3186,,37.3186,37.416077,,37.3186,37.472725,,37.3186,37.14735
940,37.3116,,37.3116,37.40545,,37.3116,37.46301,,37.3116,37.144096
941,37.3505,,37.3505,37.393932,,37.3505,37.452583,,37.3505,37.140182
942,37.3131,,37.3131,37.389782,,37.3131,37.448837,,37.3131,37.137875
943,37.3269,,37.3269,37.384598,,37.3269,37.443882,,37.3269,37.135002
944,37.3314,,37.3314,37.38198,,37.3314,37.441303,,37.3314,37.13263
945,37.3316,,37.3316,37.381897,,37.3316,37.44103,,37.3316,37.130898
946,37.318,,37.318,37.38332,,37.318,37.44218,,37.318,37.129665
947,37.3009,,37.3009,37.383305,,37.3009,37.442135,,37.3009,37.128212
948,37.2887,,37.2887,37.379868,,37.2887,37.43917,,37.2887,37.12597
949,37.2784,,37.2784,37.37316,,37.2784,37.43345,,37.2784,37.122875
950,37.2877,,37.2877,37.364056,,37.2877,37.425686,,37.2877,37.119034
951,37.2781,,37.2781,37.35645,,37.2781,37.419304,,37.2781,37.115417
952,37.2758,,37.2758,37.349358,,37.2758,37.413246,,37.2758,37.111748
953,37.2682,,37.2682,37.343365,,37.2682,37.408047,,37.2682,37.108204
954,37.3005,,37.3005,37.337772,,37.3005,37.403088,,37.3005,37.10463
955,37.3182,,37.3182,37.338284,,37.3182,37.40361,,37.3182,37.102703
956,37.3083,,37.3083,37.34483,,37.3083,37.409428,,37.3083,37.102646
957,37.3094,,37.3094,37.35226,,37.3094,37.415913,,37.3094,37.103245
958,37.3235,,37.3235,37.359253,,37.3235,37.422085,,37.3235,37.104244
959,37.3215,,37.3215,37.36703,,37.3215,37.42912,,37.3215,37.106014
960,37.3513,,37.3513,37.373627,,37.3513,37.435173,,37.3513,37.108017
961,37.365,,37.365,37.383095,,37.365,37.443905,,37.365,37.11133
962,37.3464,,37.3464,37.394688,,37.3464,37.454468,,37.3464,37.11577
963,37.3077,,37.3077,37.40271,,37.3077,37.46165,,37.3077,37.119747
964,37.29,,37.29,37.40142,,37.29,37.460392,,37.29,37.12149
965,37.3079,,37.3079,37.392307,,37.3079,37.45218,,37.3079,37.121017
966,37.3313,,37.3313,37.382874,,37.3313,37.44373,,37.3313,37.12006
967,37.3201,,37.3201,37.378246,,37.3201,37.439396,,37.3201,37.119907
968,37.3308,,37.3308,37.375298,,37.3308,37.43619,,37.3308,37.119747
969,37.3487,,37.3487,37.375526,,37.3487,37.435665,,37.3487,37.12009
970,37.4583,,37.4583,37.380302,,37.4583,37.439175,,37.4583,37.12149
971,37.5071,,37.5071,37.403965,,37.5071,37.45982,,37.5071,37.12825
972,37.5418,,37.5418,37.442127,,37.5418,37.49331,,37.5418,37.13982
973,37.5395,,37.5395,37.48811,,37.5395,37.53386,,37.5395,37.15496
974,37.4374,,37.4374,37.530914,,37.4374,37.57185,,37.4374,37.17106
975,37.3985,,37.3985,37.54887,,37.3985,37.587906,,37.3985,37.18211
976,37.4571,,37.4571,37.54378,,37.4571,37.58406,,37.4571,37.187756
977,37.4994,,37.4994,37.53544,,37.4994,37.57787,,37.4994,37.19241
978,37.488,,37.488,37.532818,,37.488,37.576443,,37.488,37.198
979,37.4889,,37.4889,37.53193,,37.4889,37.575653,,37.4889,37.203278
980,37.5177,,37.5177,37.532433,,37.5177,37.57537,,37.5177,37.208088
981,37.5217,,37.5217,37.53824,,37.5217,37.57943,,37.5217,37.21359
982,37.4983,,37.4983,37.54675,,37.4983,37.58562,,37.4983,37.219303
983,37.5212,,37.5212,37.55184,,37.5212,37.588703,,37.5212,37.22374
984,37.536,,37.536,37.55797,,37.536,37.593098,,37.536,37.22816
985,37.5127,,37.5127,37.56602,,37.5127,37.599575,,37.5127,37.232918
986,37.5043,,37.5043,37.570244,,37.5043,37.60286,,37.5043,37.23653
987,37.5169,,37.5169,37.570454,,37.5169,37.602924,,37.5169,37.238884
988,37.5275,,37.5275,37.570404,,37.5275,37.60313,,37.5275,37.240902
989,37.5175,,37.5175,37.57189,,37.5175,37.60489,,37.5175,37.243057
990,37.5193,,37.5193,37.57248,,37.5193,37.605846,,37.5193,37.24471
991,37.5258,,37.5258,37.572857,,37.5258,37.606667,,37.5258,37.246063
992,37.5254,,37.5254,37.574135,,37.5254,37.608326,,37.5254,37.247437
993,37.5287,,37.5287,37.5757,,37.5287,37.610207,,37.5287,37.24872
994,37.5442,,37.5442,37.577755,,37.5442,37.61253,,37.5442,37.250015
995,37.5248,,37.5248,37.58226,,37.5248,37.617073,,37.5248,37.251915
996,37.5281,,37.5281,37.584362,,37.5281,37.619354,,37.5281,37.25319
997,37.5238,,37.5238,37.585403,,37.5238,37.620743,,37.5238,37.25417
998,37.5145,,37.5145,37.584984,,37.5145,37.620834,,37.5145,37.25472
999,37.5465,,37.5465,37.58236,,37.5465,37.618916,,37.5465,37.254578
1000,37.524,,37.524,37.584015,,37.524,37.620884,,37.524,37.25545
1001,37.5589,,37.5589,37.58418,,37.5589,37.62128,,37.5589,37.255863
1002,37.5902,,37.5902,37.589138,,37.5902,37.62601,,37.5902,37.25753
1003,37.6393,,37.6393,37.6009,,37.6393,37.63674,,37.6393,37.26118
1004,37.6383,,37.6383,37.622437,,37.6383,37.65617,,37.6383,37.2679
1005,37.64,,37.64,37.645847,,37.64,37.677097,,37.64,37.275898
1006,37.6004,,37.6004,37.6669,,37.6004,37.695984,,37.6004,37.28418
1007,37.5855,,37.5855,37.67681,,37.5855,37.704987,,37.5855,37.290314
1008,37.6096,,37.6096,37.67643,,37.6096,37.70502,,37.6096,37.294125
1009,37.6249,,37.6249,37.674004,,37.6249,37.703384,,37.6249,37.297367
1010,37.6432,,37.6432,37.67305,,37.6432,37.702816,,37.6432,37.30072
1011,37.6618,,37.6618,37.675945,,37.6618,37.705296,,37.6618,37.304718
1012,37.6621,,37.6621,37.68351,,37.6621,37.71155,,37.6621,37.309647
1013,37.6284,,37.6284,37.692543,,37.6284,37.71879,,37.6284,37.314808
1014,37.4405,,37.4405,37.695602,,37.4405,37.72051,,37.4405,37.318275
1015,37.4524,,37.4524,37.664852,,37.4524,37.691704,,37.4524,37.312283
1016,37.5995,,37.5995,37.622566,,37.5995,37.653503,,37.5995,37.301777
1017,37.6683,,37.6683,37.603603,,37.6683,37.63685,,37.6683,37.29576
1018,37.6721,,37.6721,37.611404,,37.6721,37.643623,,37.6721,37.29577
1019,37.6569,,37.6569,37.634007,,37.6569,37.662968,,37.6569,37.2995
1020,37.7006,,37.7006,37.659363,,37.7006,37.684696,,37.7006,37.304523
1021,37.7309,,37.7309,37.68945,,37.7309,37.711357,,37.7309,37.31189
1022,37.7442,,37.7442,37.722153,,37.7442,37.74107,,37.7442,37.321407
1023,37.7425,,37.7425,37.75313,,37.7425,37.76984,,37.7425,37.332092
1024,37.7705,,37.7705,37.77773,,37.7705,37.79333,,37.7705,37.34264
1025,37.7692,,37.7692,37.799118,,37.7692,37.814236,,37.7692,37.353607
1026,37.776,,37.776,37.814686,,37.776,37.82975,,37.776,37.36398
1027,37.7937,,37.7937,37.82535,,37.7937,37.84049,,37.7937,37.373596
1028,37.7866,,37.7866,37.834167,,37.7866,37.84902,,37.7866,37.382885
1029,37.8147,,37.8147,37.839108,,37.8147,37.853333,,37.8147,37.39103
1030,37.8318,,37.8318,37.845566,,37.8318,37.85845,,37.8318,37.399197
1031,37.845,,37.845,37.854443,,37.845,37.865158,,37.845,37.407562
1032,37.8634,,37.8634,37.86534,,37.8634,37.873276,,37.8634,37.41606
1033,37.8869,,37.8869,37.87861,,37.8869,37.883354,,37.8869,37.42487
1034,37.8926,,37.8926,37.894886,,37.8926,37.89618,,37.8926,37.43429
1035,37.8722,,37.8722,37.911106,,37.8722,37.90911,,37.8722,37.443676
1036,37.9068,,37.9068,37.921326,,37.9068,37.91693,,37.9068,37.45151
1037,37.9021,,37.9021,37.932255,,37.9021,37.925945,,37.9021,37.459446
1038,37.9367,,37.9367,37.940876,,37.9367,37.933125,,37.9367,37.466667
1039,37.9217,,37.9217,37.952545,,37.9217,37.94335,,37.9217,37.47452
1040,37.9699,,37.9699,37.96144,,37.9699,37.9511,,37.9699,37.48153
1041,37.9445,,37.9445,37.975407,,37.9445,37.963634,,37.9445,37.48971
1042,37.9457,,37.9457,37.98557,,37.9457,37.972637,,37.9457,37.496883
1043,37.9303,,37.9303,37.99228,,37.9303,37.978695,,37.9303,37.50306
1044,37.9597,,37.9597,37.99337,,37.9597,37.979782,,37.9597,37.50756
1045,37.9647,,37.9647,37.99603,,37.9647,37.982452,,37.9647,37.51208
1046,37.9482,,37.9482,37.99986,,37.9482,37.986046,,37.9482,37.51652
1047,37.9854,,37.9854,38.001053,,37.9854,37.98711,,37.9854,37.519894
1048,38.0012,,38.0012,38.00687,,38.0012,37.992405,,38.0012,37.524075
1049,38.0168,,38.0168,38.016865,,38.0168,38.001354,,38.0168,37.52911
1050,38.0479,,38.0479,38.03023,,38.0479,38.013298,,38.0479,37.53499
1051,38.1107,,38.1107,38.04851,,38.1107,38.02975,,38.1107,37.54232
1052,38.0584,,38.0584,38.076996,,38.0584,38.055515,,38.0584,37.55272
1053,38.0256,,38.0256,38.097607,,38.0256,38.074055,,38.0256,37.56187
1054,38.0187,,38.0187,38.10509,,38.0187,38.081173,,38.0187,37.56828
1055,38.0253,,38.0253,38.10274,,38.0253,38.079853,,38.0253,37.572357
1056,38.1213,,38.1213,38.09618,,38.1213,38.07482,,38.1213,37.57508
1057,38.1609,,38.1609,38.104267,,38.1609,38.082783,,38.1609,37.581024
1058,38.0941,,38.0941,38.12557,,38.0941,38.10179,,38.0941,37.59011
1059,38.1429,,38.1429,38.1396,,38.1429,38.113495,,38.1429,37.59749
1060,38.1098,,38.1098,38.155773,,38.1098,38.127365,,38.1098,37.60556
1061,38.0891,,38.0891,38.164574,,38.0891,38.134613,,38.0891,37.611984
1062,38.105,,38.105,38.164383,,38.105,38.134064,,38.105,37.616135
1063,38.1341,,38.1341,38.161823,,38.1341,38.13167,,38.1341,37.61939
1064,38.1467,,38.1467,38.16312,,38.1467,38.13274,,38.1467,37.623154
1065,38.1672,,38.1672,38.168407,,38.1672,38.13713,,38.1672,37.6275
1066,38.1369,,38.1369,38.17857,,38.1369,38.145725,,38.1369,37.63279
1067,38.1635,,38.1635,38.184677,,38.1635,38.150524,,38.1635,37.636944
1068,38.1569,,38.1569,38.192177,,38.1569,38.156868,,38.1569,37.64135
1069,38.1718,,38.1718,38.197964,,38.1718,38.161808,,38.1718,37.64528
1070,38.1898,,38.1898,38.20442,,38.1898,38.167572,,38.1898,37.64933
1071,38.2193,,38.2193,38.21316,,38.2193,38.17552,,38.2193,37.65395
1072,38.2852,,38.2852,38.226692,,38.2852,38.18783,,38.2852,37.65986
1073,38.2066,,38.2066,38.25178,,38.2066,38.210533,,38.2066,37.66897
1074,38.2296,,38.2296,38.265587,,38.2296,38.222794,,38.2296,37.67584
1075,38.2514,,38.2514,38.275013,,38.2514,38.2316,,38.2514,37.682014
1076,38.253,,38.253,38.283802,,38.253,38.24003,,38.253,37.688263
1077,38.2373,,38.2373,38.290836,,38.2373,38.24676,,38.2373,37.69418
1078,38.2844,,38.2844,38.292965,,38.2844,38.24886,,38.2844,37.698822
1079,38.3022,,38.3022,38.300014,,38.3022,38.255272,,38.3022,37.704468
1080,38.3023,,38.3023,38.311428,,38.3023,38.265186,,38.3023,37.711044
1081,38.3115,,38.3115,38.323364,,38.3115,38.275234,,38.3115,37.71772
1082,38.303,,38.303,38.335182,,38.303,38.28511,,38.303,37.724392
1083,38.3008,,38.3008,38.34343,,38.3008,38.291817,,38.3008,37.73023
1084,38.3306,,38.3306,38.347897,,38.3306,38.295303,,38.3306,37.735096
1085,38.3959,,38.3959,38.35455,,38.3959,38.300938,,38.3959,37.74036
1086,38.3376,,38.3376,38.372364,,38.3376,38.31658,,38.3376,37.748306
1087,38.3302,,38.3302,38.383183,,38.3302,38.325584,,38.3302,37.754684
1088,38.3413,,38.3413,38.387306,,38.3413,38.32889,,38.3413,37.759457
1089,38.3181,,38.3181,38.388798,,38.3181,38.33013,,38.3181,37.763447
1090,38.3314,,38.3314,38.384438,,38.3314,38.32615,,38.3314,37.765694
1091,38.3229,,38.3229,38.37991,,38.3229,38.32207,,38.3229,37.76738
1092,38.3628,,38.3628,38.374527,,38.3628,38.317047,,38.3628,37.76825
1093,38.3775,,38.3775,38.37653,,38.3775,38.31856,,38.3775,37.770348
1094,38.4658,,38.4658,38.38479,,38.4658,38.32543,,38.4658,37.77362
1095,38.3977,,38.3977,38.41049,,38.3977,38.34796,,38.3977,37.78119
1096,38.4235,,38.4235,38.429665,,38.4235,38.36438,,38.4235,37.787697
1097,38.405,,38.405,38.446835,,38.405,38.379723,,38.405,37.79434
1098,38.3911,,38.3911,38.456512,,38.3911,38.388844,,38.3911,37.799744
1099,38.3937,,38.3937,38.45791,,38.3937,38.390995,,38.3937,37.80347
1100,38.4077,,38.4077,38.45478,,38.4077,38.38927,,38.4077,37.806087
1101,38.3843,,38.3843,38.451923,,38.3843,38.387592,,38.3843,37.808483
1102,38.3962,,38.3962,38.445538,,38.3962,38.38224,,38.3962,37.809566
1103,38.3803,,38.3803,38.440434,,38.3803,38.377666,,38.3803,37.810368
1104,38.3981,,38.3981,38.43412,,38.3981,38.371567,,38.3981,37.810253
1105,38.3683,,38.3683,38.43142,,38.3683,38.368515,,38.3683,37.810417
1106,38.3753,,38.3753,38.426052,,38.3753,38.362865,,38.3753,37.809433
1107,38.4468,,38.4468,38.421577,,38.4468,38.35819,,38.4468,37.80819
1108,38.4453,,38.4453,38.430725,,38.4453,38.365963,,38.4453,37.809982
1109,38.4335,,38.4335,38.44554,,38.4335,38.378696,,38.4335,37.813286
1110,38.474,,38.474,38.459213,,38.474,38.39065,,38.474,37.816742
1111,38.4574,,38.4574,38.477055,,38.4574,38.406914,,38.4574,37.821815
1112,38.4701,,38.4701,38.491108,,38.4701,38.420074,,38.4701,37.8267
1113,38.5169,,38.5169,38.502888,,38.5169,38.43161,,38.5169,37.831707
1114,38.488,,38.488,38.519333,,38.488,38.447487,,38.488,37.838432
1115,38.5107,,38.5107,38.530216,,38.5107,38.458096,,38.5107,37.84439
1116,38.4835,,38.4835,38.540123,,38.4835,38.467762,,38.4835,37.850506
1117,38.4977,,38.4977,38.542736,,38.4977,38.47056,,38.4977,37.855076
1118,38.495,,38.495,38.543274,,38.495,38.47128,,38.495,37.859074
1119,38.5104,,38.5104,38.54184,,38.5104,38.4698,,38.5104,37.86233
1120,38.5693,,38.5693,38.542164,,38.5693,38.469475,,38.5693,37.865604
1121,38.5193,,38.5193,38.553593,,38.5193,38.478683,,38.5193,37.871204
1122,38.4966,,38.4966,38.560318,,38.4966,38.48313,,38.4966,37.875546
1123,38.5414,,38.5414,38.559628,,38.5414,38.481144,,38.5414,37.87795
1124,38.596,,38.596,38.56275,,38.596,38.483013,,38.596,37.881012
1125,38.6102,,38.6102,38.57677,,38.6102,38.494698,,38.6102,37.886555
1126,38.6388,,38.6388,38.596832,,38.6388,38.51166,,38.6388,37.893723
1127,38.6376,,38.6376,38.621944,,38.6376,38.533302,,38.6376,37.902565
1128,38.5944,,38.5944,38.64526,,38.5944,38.55362,,38.5944,37.91168
1129,38.5376,,38.5376,38.655884,,38.5376,38.563107,,38.5376,37.918446
1130,38.5901,,38.5901,38.64759,,38.5901,38.55635,,38.5901,37.920975
1131,38.5904,,38.5904,38.639374,,38.5904,38.550163,,38.5904,37.92318
1132,38.5758,,38.5758,38.63217,,38.5758,38.544353,,38.5758,37.925
1133,38.5981,,38.5981,38.624237,,38.5981,38.537186,,38.5981,37.925865
1134,38.5991,,38.5991,38.621292,,38.5991,38.533966,,38.5991,37.927116
1135,38.6446,,38.6446,38.6218,,38.6446,38.53334,,38.6446,37.928528
1136,38.5903,,38.5903,38.632286,,38.5903,38.541508,,38.5903,37.93192
1137,38.6157,,38.6157,38.636944,,38.6157,38.54436,,38.6157,37.933838
1138,38.6211,,38.6211,38.642418,,38.6211,38.5486,,38.6211,37.935932
1139,38.7037,,38.7037,38.648228,,38.7037,38.553577,,38.7037,37.938183
1140,38.5834,,38.5834,38.66781,,38.5834,38.57127,,38.5834,37.943924
1141,38.5836,,38.5836,38.670177,,38.5836,38.573444,,38.5836,37.946022
1142,38.5517,,38.5517,38.663208,,38.5517,38.568127,,38.5517,37.94601
1143,38.6045,,38.6045,38.646393,,38.6045,38.554306,,38.6045,37.943382
1144,38.6192,,38.6192,38.63629,,38.6192,38.546505,,38.6192,37.94173
1145,38.6438,,38.6438,38.633995,,38.6438,38.544968,,38.6438,37.94135
1146,38.6112,,38.6112,38.64089,,38.6112,38.55101,,38.6112,37.942795
1147,38.6143,,38.6143,38.64607,,38.6143,38.555088,,38.6143,37.943783
1148,38.6249,,38.6249,38.65023,,38.6249,38.558464,,38.6249,37.94461
1149,38.626,,38.626,38.654953,,38.626,38.56264,,38.626,37.94573
1150,38.6167,,38.6167,38.659325,,38.6167,38.56673,,38.6167,37.94698
1151,38.5919,,38.5919,38.661114,,38.5919,38.568695,,38.5919,37.947807
1152,38.5842,,38.5842,38.65681,,38.5842,38.565376,,38.5842,37.94728
1153,38.5887,,38.5887,38.648556,,38.5887,38.558674,,38.5887,37.945698
1154,38.5981,,38.5981,38.640285,,38.5981,38.55188,,38.5981,37.94381
1155,38.6192,,38.6192,38.635036,,38.6192,38.547512,,38.6192,37.942284
1156,38.6313,,38.6313,38.636105,,38.6313,38.548447,,38.6313,37.94198
1157,38.6336,,38.6336,38.642643,,38.6336,38.55395,,38.6336,37.94291
